<?xml version="1.0" encoding="UTF-8"?>
<con:soapui-project id="77e2517e-7453-42c7-8534-6209976582a7" activeEnvironment="Default" name="REST Project 2" soapui-version="5.5.0" xmlns:con="http://eviware.com/soapui/config"><con:settings/><con:interface xsi:type="con:RestService" id="329b2246-02a8-4c17-9a61-d1d20db90cb1" wadlVersion="http://wadl.dev.java.net/2009/02" name="http://localhost:3000" type="rest" xmlns:xsi="http://www.w3.org/2001/XMLSchema-instance"><con:settings/><con:definitionCache/><con:endpoints><con:endpoint>http://localhost:3000</con:endpoint></con:endpoints><con:resource name="" path="/api/auth/register" id="b08295f5-4454-422d-8616-2286c7478b93"><con:settings/><con:parameters/><con:method name="1" id="47404a03-f8c1-46af-9da8-c5d0a4c90ded" method="POST"><con:settings/><con:parameters/><con:representation type="FAULT"><con:mediaType>text/html; charset=utf-8</con:mediaType><con:status>404 500</con:status><con:params/><con:element>html</con:element></con:representation><con:representation type="REQUEST"><con:mediaType>grant_type=password&amp;username=jshepherd&amp;password=123456&amp;email=jeff@work.net</con:mediaType><con:params/></con:representation><con:representation type="RESPONSE"><con:mediaType>application/json; charset=utf-8</con:mediaType><con:status>200</con:status><con:params/><con:element xmlns:reg="http://localhost/auth/register">reg:Response</con:element></con:representation><con:representation type="REQUEST"><con:mediaType>application/x-www-form-urlencoded</con:mediaType><con:params/></con:representation><con:request name="Request 1" id="64ca6749-df0c-400c-a769-150090f67c1b" mediaType="application/x-www-form-urlencoded" postQueryString="false"><con:settings><con:setting id="com.eviware.soapui.impl.wsdl.WsdlRequest@request-headers">&lt;xml-fragment/></con:setting></con:settings><con:endpoint>http://localhost:3000</con:endpoint><con:request>grant_type=password&amp;username=jshepherd&amp;password=123456&amp;email=jeff@work.net</con:request><con:originalUri>http://localhost/auth/register</con:originalUri><con:credentials><con:authType>No Authorization</con:authType></con:credentials><con:jmsConfig JMSDeliveryMode="PERSISTENT"/><con:jmsPropertyConfig/><con:parameters/></con:request></con:method></con:resource><con:resource name="token" path="/api/auth/token" id="4ed1b521-ee71-4c87-ae93-8e9a31b6a512"><con:settings/><con:parameters/><con:method name="Method 1" id="88cf471c-0126-4499-a898-be604571ed4d" method="GET"><con:settings/><con:parameters/><con:representation type="FAULT"><con:mediaType>text/html; charset=utf-8</con:mediaType><con:status>500</con:status><con:params/><con:element>html</con:element></con:representation><con:representation type="RESPONSE"><con:mediaType>application/json; charset=utf-8</con:mediaType><con:status>200</con:status><con:params/><con:element xmlns:tok="http://localhost/api/auth/token">tok:Response</con:element></con:representation><con:request name="Request 1" id="bb1a9e81-f4cd-4588-8a0a-839b6ed2f254" mediaType="application/json"><con:settings><con:setting id="com.eviware.soapui.impl.wsdl.WsdlRequest@request-headers">&lt;entry key="x-access-token" value="eyJhbGciOiJIUzI1NiIsInR5cCI6IkpXVCJ9.eyJpZCI6IjVlY2QzNTA2MTI5NGNkM2M2NDU3MGM5YyIsImlhdCI6MTU5MDUwNjc1OCwiZXhwIjoxNTkwNTkzMTU4fQ.w-Ku0VG15e5cnggzH4xVwr1d2Zeh_7IzIu9BLwBT_nU" xmlns="http://eviware.com/soapui/config"/></con:setting></con:settings><con:endpoint>http://localhost:3000</con:endpoint><con:request/><con:originalUri>http://localhost/api/auth/token</con:originalUri><con:credentials><con:authType>No Authorization</con:authType></con:credentials><con:jmsConfig JMSDeliveryMode="PERSISTENT"/><con:jmsPropertyConfig/><con:parameters/></con:request></con:method></con:resource></con:interface><con:properties/><con:wssContainer/><con:oAuth2ProfileContainer/><con:oAuth1ProfileContainer/></con:soapui-project>