<?xml version="1.0" encoding="UTF-8"?>
<con:soapui-project id="b48520be-e504-4124-ac9d-a18b06d3e0ba" activeEnvironment="Default" name="REST Project 1" soapui-version="5.5.0" xmlns:con="http://eviware.com/soapui/config"><con:settings/><con:interface xsi:type="con:RestService" id="b533f649-fa32-4ea8-b015-a4124cf2fece" wadlVersion="http://wadl.dev.java.net/2009/02" name="http://xkcd.com" type="rest" xmlns:xsi="http://www.w3.org/2001/XMLSchema-instance"><con:settings/><con:definitionCache/><con:endpoints><con:endpoint>http://xkcd.com</con:endpoint></con:endpoints><con:resource name="Info.0.json" path="/info.0.json" id="31625f32-0cb8-4ffa-9193-1033ee0ab79c"><con:settings/><con:parameters/><con:method name="Info.0.json 1" id="123e7d1e-82f5-4aa6-bebc-d28996fa9ab7" method="GET"><con:settings/><con:parameters/><con:representation type="RESPONSE"><con:mediaType>application/json</con:mediaType><con:status>200</con:status><con:params/><con:element xmlns:info="https://xkcd.com/info.0.json">info:Response</con:element></con:representation><con:request name="Request 1" id="21a9de88-07c2-4a81-bc1c-4885fe778a69" mediaType="application/json"><con:settings><con:setting id="com.eviware.soapui.impl.wsdl.WsdlRequest@request-headers">&lt;xml-fragment/></con:setting></con:settings><con:endpoint>http://xkcd.com</con:endpoint><con:request/><con:originalUri>https://xkcd.com/info.0.json</con:originalUri><con:credentials><con:authType>No Authorization</con:authType></con:credentials><con:jmsConfig JMSDeliveryMode="PERSISTENT"/><con:jmsPropertyConfig/><con:parameters/></con:request></con:method></con:resource></con:interface><con:properties/><con:wssContainer/><con:oAuth2ProfileContainer/><con:oAuth1ProfileContainer/></con:soapui-project>